BaseItem,RecommendedItem,Score
10002,10125,0.85388986464636
10002,23224,0.7134227299564571
10002,23222,0.6990056266636248
10002,85014A,0.6260767765303116
10002,20682,0.5973140155053152
10080,22195,0.20211621563801938
10080,16161G,0.1746486229677123
10080,21262,0.1721042900142015
10080,35471D,0.16912599317501792
10080,22643,0.1614677276307683
10120,21839,0.6830397078709493
10120,84201B,0.48620023113686867
10120,84206A,0.27884979305725144
10120,22263,0.24074110103296661
10120,85028L,0.23706974278956497
10123C,21222,0.28940253245616626
10123C,21221,0.19014400410486598
10123C,21219,0.14900682673858717
10123C,79071B,0.11677484162422844
10123C,84199,0.10806426331249044
10124A,10124G,0.4917841771562759
10124A,21167,0.22438897229437388
10124A,82011A,0.17507524381296338
10124A,84466,0.15161960871578065
10124A,21018,0.1339486781868381
10124G,10124A,0.4917841771562759
10124G,16156L,0.28089875327071334
10124G,22415,0.23740277647467922
10124G,82011A,0.15605486292817408
10124G,84466,0.13514747567989718
10125,10002,0.85388986464636
10125,23224,0.7327928997116315
10125,23222,0.7265738179045708
10125,85014A,0.6420379079542526
10125,20682,0.6048544064330678
10133,23366,0.3546262561328652
10133,47469,0.3407440142676232
10133,20984,0.3093126525123953
10133,20762,0.30112193181560104
10133,20765,0.2695033001699482
10135,22108,0.34911518927828866
10135,22209,0.3095463855784769
10135,22647,0.30589200882164524
10135,51020A,0.29627875614270976
10135,21882,0.2937258328659152
11001,23215,0.9424758071218589
11001,22191,0.931216298993138
11001,22493,0.9203507366894769
11001,22991,0.9114918138724294
11001,21479,0.892183179594779
